Id,Label,timeset,v_name,v_shares,v_coord.shares,v_account.avg.subscribercount,v_account.platform,v_account.name,v_name.changed,v_account.handle,v_handle.changed,v_account.verified,v_pageadmintopcountry.changed,v_account.pageadmintopcountry,v_account.accounttype,v_account.pagecreateddate,v_account.pagedescription,v_account.pagedescription.changed,v_account.pagecategory,v_account.pagecategory.changed,v_degree,v_component,v_cluster,v_strength,modularity_class,Eccentricity,closnesscentrality,harmonicclosnesscentrality,betweenesscentrality
n0,TOP t√Ωden√≠k obƒçansk√© pr√°vo,,https://www.facebook.com/150092048528420,12,11,251,Facebook,TOP t√Ωden√≠k obƒçansk√© pr√°vo,false,toptydenik,false,false,false,NA,facebook_page,2013-08-11 11:59:01,Na≈°e noviny tvo≈ô√≠te vy! www.tydenikobcanskepravo.cz,false,NEWS_SITE,false,3,1,3,18,0,4,0.4,0.448529,33
n1,NOV√Å REPUBLIKA,,https://www.facebook.com/groups/475301879282746,8,6,564,Facebook,NOV√Å REPUBLIKA,false,NA,false,false,false,NA,facebook_group,NA,NA,false,none,false,2,1,3,10,0,4,0.395349,0.433824,0
n2,"CZEXIT - CzexitCzexit.cz - pro rychl√Ω konec EU ƒçlenstv√≠, vlasteneckou vl√°du",,https://www.facebook.com/groups/477131732493938,30,26,5850,Facebook,"CZEXIT - CzexitCzexit.cz - pro rychl√Ω konec EU ƒçlenstv√≠, vlasteneckou vl√°du",false,NA,false,false,false,NA,facebook_group,NA,NA,false,none,false,14,1,3,76,0,3,0.618182,0.70098,93.855556
n3,"Prezidentsk√© volby 2023, www. PrezidentPrezident.cz - volba prezidenta",,https://www.facebook.com/groups/1971756026389396,7,4,389,Facebook,"Prezidentsk√© volby 2023, www. PrezidentPrezident.cz - volba prezidenta",false,NA,false,false,false,NA,facebook_group,NA,NA,false,none,false,1,1,3,4,0,5,0.288136,0.314706,0
n4,"Dƒõkujeme Maƒèarsku , dƒõkujeme panu Orb√°novi",,https://www.facebook.com/groups/936475283041625,25,17,7730,Facebook,"Dƒõkujeme Maƒèarsku , dƒõkujeme panu Orb√°novi",false,NA,false,false,false,NA,facebook_group,NA,NA,false,none,false,16,1,3,83,0,3,0.641509,0.730392,25.881018
n5,"NEOƒåKOVAN√ç CZ, SK pro M√çR ! NE V√ÅLCE !",,https://www.facebook.com/groups/131915778646395,53,30,23222,Facebook,"NEOƒåKOVAN√ç CZ, SK pro M√çR ! NE V√ÅLCE !",false,NA,false,false,false,NA,facebook_group,NA,NA,false,none,false,17,1,3,86,0,3,0.641509,0.740196,126.607684
n6,Neoƒçkovan√≠,,https://www.facebook.com/groups/567356824425413,10,8,4014,Facebook,Neoƒçkovan√≠,false,NA,false,false,false,NA,facebook_group,NA,NA,false,none,false,1,1,3,8,0,4,0.395349,0.426471,0
n7,Checkbot,,https://www.facebook.com/1861438584151524,11,11,10941,Facebook,Checkbot,false,CheckbotSK,false,false,false,SK,facebook_page,2018-07-19 14:59:03,"Internet je divn√© miesto a ≈°√≠ri sa n√≠m kopa klamstiev, manipul√°ci√≠ a nezmyslov. Vie≈° ich odhali≈•?",false,PRODUCT_SERVICE,false,1,2,1,11,1,1,1,1,0
n8,Sebavedom√© Slovensko,,https://www.facebook.com/137672836961248,11,11,13032,Facebook,Sebavedom√© Slovensko,false,sebavedomeslovensko,false,false,false,SK,facebook_page,2017-10-21 15:12:33,"http://sebavedome.sk/o-nas/ By≈• hrd√Ω vlastenec sa d√° aj bez strachu a nen√°visti. Slovensko je krajina dobr√Ωch a ≈°ikovn√Ωch ƒæud√≠, ktor√≠ poznaj√∫ svoju hist√≥riu a vedia urƒçi≈• svoju bud√∫cnos≈•. Sme s√∫ƒças≈• demokratick√©ho sveta a medzin√°rodn",false,COMMUNITY,false,1,2,1,11,1,1,1,1,0
n9,TV ≈†ALINGRAD - Skupina,,https://www.facebook.com/groups/855125338553263,47,25,10580,Facebook,TV ≈†ALINGRAD - Skupina,false,NA,false,false,false,NA,facebook_group,NA,NA,false,none,false,20,1,3,130,0,3,0.693878,0.789216,51.746429
n10,Nebudeme volit strany podporuj√≠c√≠ selh√°vaj√≠c√≠ multikulturalismus.,,https://www.facebook.com/groups/422246777982129,8,5,11379,Facebook,Nebudeme volit strany podporuj√≠c√≠ selh√°vaj√≠c√≠ multikulturalismus.,false,NA,false,false,false,NA,facebook_group,NA,NA,false,none,false,9,1,3,43,2,4,0.492754,0.585784,0
n11,ƒåT a objektivn√≠ zpravodajstv√≠? Snad v p≈ô√≠≈°t√≠m stolet√≠.,,https://www.facebook.com/332132636835018,32,32,131,Facebook,ƒåT a objektivn√≠ zpravodajstv√≠? Snad v p≈ô√≠≈°t√≠m stolet√≠.,false,,false,false,false,NA,facebook_page,2012-03-28 19:37:19,ƒåT a objektivn√≠ zpravodajstv√≠? Snad v p≈ô√≠≈°t√≠m stolet√≠...,false,COMMUNITY,false,11,1,2,319,2,4,0.5,0.610294,0
n12,Kreativn√≠ svƒõt - Creative World,,https://www.facebook.com/148388568686636,34,34,717,Facebook,Kreativn√≠ svƒõt - Creative World,false,KreativniSvetCreativeWorld,false,false,false,NA,facebook_page,2013-06-26 17:30:02,Kreativn√≠ svƒõt kolem n√°s!,false,COMMUNITY,false,12,1,2,342,2,4,0.507463,0.625,0.090909
n13,Chcem by≈• informovan√Ω,,https://www.facebook.com/201034176602347,85,70,4723,Facebook,Chcem by≈• informovan√Ω,false,informovany,false,false,false,CZ,facebook_page,2011-04-30 09:11:27,"≈Ωijeme v informaƒçnej dobe, dobe kedy inform√°cie s√∫ n√°strojom, d√¥vodom a prostriedkom vojen.",false,NEWS_SITE,false,20,1,2,574,2,3,0.693878,0.789216,15.383323
n14,Lajkit.cz,,https://www.facebook.com/857381140982848,85,57,4350,Facebook,Lajkit.cz,false,lajkit.cz,false,false,false,CZ,facebook_page,2015-08-11 18:07:22,"O v≈°em, co tƒõ bav√≠... Povznes sebe v√Ω≈° a t√≠m i sv√© okol√≠. Sd√≠lej, komentuj a lajkuj! www.lajkit.cz",false,ACTIVITY_GENERAL,false,21,1,2,532,2,3,0.708333,0.803922,18.007926
n15,STOP medi√°ln√≠ manipulaci,,https://www.facebook.com/727444343956952,86,69,10635,Facebook,STOP medi√°ln√≠ manipulaci,false,stopmm,false,false,false,CZ,facebook_page,2014-03-06 14:48:28,V≈°ichni m√°me z√°kladn√≠ pr√°vo na informace a svobodu vyjad≈ôov√°n√≠. ≈ò√≠k√°me STOP cenzu≈ôe a medi√°ln√≠ manipulaci.,false,MEDIA_NEWS_COMPANY,false,21,1,2,580,2,3,0.708333,0.803922,18.007926
n16,Chci zn√°t pravdu,,https://www.facebook.com/249370931823440,86,68,8048,Facebook,Chci zn√°t pravdu,false,ChciZnatPravdu,false,false,false,CZ,facebook_page,2012-03-21 11:27:28,"Pro v≈°echny, kte≈ô√≠ chtƒõj√≠ poznat pravdu...",false,COMMUNITY,false,24,1,2,598,2,3,0.755556,0.848039,44.474593
n17,Sd√≠l√≠me pravdu,,https://www.facebook.com/1072937252774178,34,34,21391,Facebook,Sd√≠l√≠me pravdu,false,sdilimepravdu,false,false,false,CZ,facebook_page,2016-07-30 17:03:04,‚ÄûPravda je jen jedna; jej√≠ verze jsou nepravdy.‚Äú,false,COMMUNITY,false,12,1,2,342,2,4,0.507463,0.625,0.090909
n18,Svƒõt kolem n√°s,,https://www.facebook.com/342117105834888,87,67,16517,Facebook,Svƒõt kolem n√°s,false,svetkolemnas.info,false,false,false,CZ,facebook_page,2012-03-21 12:02:10,Web: http://www.svetkolemnas.info,false,COMMUNITY,false,24,1,2,591,2,3,0.755556,0.848039,44.474593
n19,"Neubli≈æuj druh√©mu,lebo pr√≠de ƒças keƒè ti to vr√°ti sp√§≈•",,https://www.facebook.com/151595428252932,85,67,16396,Facebook,"Neubli≈æuj druh√©mu,lebo pr√≠de ƒças keƒè ti to vr√°ti sp√§≈•",false,zabavakazdyden,false,false,false,CZ,facebook_page,2011-08-07 10:21:10,"Neubli≈æuj druh√©mu,proto≈æe p≈ôijde ƒças kdy ti to vr√°t√≠ zpƒõt ! ...",false,COMMUNITY,false,19,1,2,545,2,3,0.68,0.77451,13.482132
n20,ƒåasopis Vƒõdom√≠,,https://www.facebook.com/386245581509770,54,34,8046,Facebook,ƒåasopis Vƒõdom√≠,false,casopisvedomi,false,false,false,CZ,facebook_page,2013-12-09 20:18:43,"Objedn√°vka - zv√Ωhodnƒõn√© p≈ôedplatn√©:
CZ: www.predplatne.cz/katalog/ostatni/vedomi--20023.html
SK: http://www.predplatne.sk/home/1782-ac24-vedomi",false,MAGAZINE,false,19,1,2,334,2,3,0.68,0.77451,13.482132
n21,Wake Up / Probuƒè se,,https://www.facebook.com/491986957505885,84,66,4438,Facebook,Wake Up / Probuƒè se,false,WakeUpProbudse,false,false,false,CZ,facebook_page,2013-02-11 14:29:43,Wake up / Probuƒè se,false,COMMUNITY,false,18,1,2,535,2,3,0.666667,0.759804,11.200386
n22,AC24,,https://www.facebook.com/176546515755264,84,42,80608,Facebook,AC24,false,AC24.cz,false,false,false,CZ,facebook_page,2011-09-15 13:19:35,"Nez√°visl√© zpravodajstv√≠ z cel√©ho svƒõta aneb Co se jinde nedozv√≠te
",false,NEWS_SITE,false,17,1,2,346,2,4,0.618182,0.732843,8.299183
n23,Gener√°l Hynek Bla≈°ko - za na≈°i vlast!,,https://www.facebook.com/groups/1924827217616072,15,9,7543,Facebook,Gener√°l Hynek Bla≈°ko - za na≈°i vlast!,false,NA,false,false,false,NA,facebook_group,NA,NA,false,none,false,10,1,3,45,0,3,0.539683,0.622549,1.174242
n24,"ƒåe≈°i, t√°hnƒõme za jeden provaz",,https://www.facebook.com/groups/1678005795706610,43,20,33106,Facebook,"ƒåe≈°i, t√°hnƒõme za jeden provaz",false,NA,false,false,false,NA,facebook_group,NA,NA,false,none,false,8,1,3,41,0,4,0.515152,0.590686,0
n25,Jsme vlastenci! Svou VLAST nezrad√≠me! üá®üáø,,https://www.facebook.com/groups/1047655075382009,8,6,2933,Facebook,Jsme vlastenci! Svou VLAST nezrad√≠me! üá®üáø,false,NA,false,false,false,NA,facebook_group,NA,NA,false,none,false,6,1,3,24,0,4,0.485714,0.551471,0
n26,CZEXIT !!!,,https://www.facebook.com/groups/198969230693691,17,11,9152,Facebook,CZEXIT !!!,false,NA,false,false,false,NA,facebook_group,NA,NA,false,none,false,18,1,3,96,0,4,0.586207,0.727941,54.874393
n27,C-21,,https://www.facebook.com/groups/411184056694126,7,5,11736,Facebook,C-21,false,NA,false,false,false,NA,facebook_group,NA,NA,false,none,false,1,1,3,4,0,4,0.395349,0.426471,0
n28,P≈ô√°tel√© RF a Vladim√≠ra Putina (Rossija friends),,https://www.facebook.com/groups/976873622372875,5,5,3427,Facebook,P≈ô√°tel√© RF a Vladim√≠ra Putina (Rossija friends),false,NA,false,false,false,NA,facebook_group,NA,NA,false,none,false,2,1,3,9,0,4,0.4,0.441176,0
n29,ANTI-OƒΩANO ƒæudia proti liberalnej politike.,,https://www.facebook.com/groups/231996431166824,4,4,1688,Facebook,ANTI-OƒΩANO ƒæudia proti liberalnej politike.,false,NA,false,false,false,NA,facebook_group,NA,NA,false,none,false,2,1,3,8,0,4,0.4,0.441176,0
n30,Skuteƒçn√≠ vlastenci,,https://www.facebook.com/groups/1657064224311388,11,8,4106,Facebook,Skuteƒçn√≠ vlastenci,false,NA,false,false,false,NA,facebook_group,NA,NA,false,none,false,2,1,3,9,0,4,0.419753,0.458333,0
n31,VLASTENCI A P≈ò√ÅTEL√â ZDRAV√âHO ROZUMU,,https://www.facebook.com/groups/1353451411497778,9,5,1975,Facebook,VLASTENCI A P≈ò√ÅTEL√â ZDRAV√âHO ROZUMU,false,NA,false,false,false,NA,facebook_group,NA,NA,false,none,false,1,1,3,4,0,5,0.373626,0.417647,0
n32,Volil(a) jsem PREZIDENTA Zemana!,,https://www.facebook.com/groups/2036504566618037,8,6,4623,Facebook,Volil(a) jsem PREZIDENTA Zemana!,false,NA,false,false,false,NA,facebook_group,NA,NA,false,none,false,5,1,3,21,0,4,0.478873,0.536765,0
n33,OPRAVDOV√Å DEMOKRACIE,,https://www.facebook.com/groups/943605735761581,9,7,2046,Facebook,OPRAVDOV√Å DEMOKRACIE,false,NA,false,false,false,NA,facebook_group,NA,NA,false,none,false,11,1,3,48,0,4,0.523077,0.625,1.866667
n34,Obƒõti corona podvodu‚ö†Ô∏è- fale≈°n√° priorita p≈ôed jin√Ωmi nemocemi ‚ÄºÔ∏è,,https://www.facebook.com/groups/452199492482405,8,4,570,Facebook,Obƒõti corona podvodu‚ö†Ô∏è- fale≈°n√° priorita p≈ôed jin√Ωmi nemocemi ‚ÄºÔ∏è,false,NA,false,false,false,NA,facebook_group,NA,NA,false,none,false,3,1,3,12,0,4,0.459459,0.502451,0
n35,Pro v≈°echny lidi na fb,,https://www.facebook.com/groups/1392615197707840,10,5,15687,Facebook,Pro v≈°echny lidi na fb,false,NA,false,false,false,NA,facebook_group,NA,NA,false,none,false,1,1,3,4,0,4,0.414634,0.443627,0
n36,Rakovina - alternativn√≠ l√©ƒçba a prevence,,https://www.facebook.com/228835170554102,6,6,6172,Facebook,Rakovina - alternativn√≠ l√©ƒçba a prevence,false,,false,false,false,CZ,facebook_page,2012-04-30 16:00:03,"V≈°e co se t√Ωk√° altertnativn√≠ l√©ƒçby a prevence rakoviny, oƒçkov√°n√≠ jako takov√©ho - a v≈°eho co n√°m ≈°kod√≠...",false,ACTIVITY_GENERAL,false,11,1,2,61,2,4,0.5,0.610294,0
